model_type,sequence_number,pnl
1,49,0.0026800000050570816
0,49,0.03893810867157299
1,50,0.0026800000050570816
0,50,0.03893810867157299
