model_type,sequence_number,pnl
1,55,-0.04581766141927801
1,224,-0.048118750361027196
0,224,-0.0342383234819863
1,347,-0.11768137528270017
1,349,-0.11902912032383028
1,472,-0.11727742137736641
0,472,-0.058375139502459206
1,820,-0.36519811004109215
